Full Name,Grade 1,Grade 2,Grade 3,Grade 4,Grade 5,Grade 6,Grade 7,Grade 8,Grade 9,Grade 10
Noami Lucina,2.3,,,,,,,,,
Tamara Lilah,1.8,7.4,1.4,4.3,,,,,,
Maxy,3.6,3.3,2.3,4.7,2.8,3.8,5.0,3.7,1.1,
Pammie Jsandye,7.9,5.2,,,,,,,,
Tiena,7.7,,,,,,,,,
Fredelia,4.7,1.7,9.7,5.4,4.6,2.3,7.4,9.9,4.8,5.6
Gayel Valina,8.8,4.2,7.1,,,,,,,
Junie Ibby,4.8,6.9,4.2,3.8,6.7,5.0,,,,
Wilow Andria,2.8,4.3,1.2,8.7,3.0,8.4,7.7,5.5,,
Kathi Daffie,6.1,4.0,2.1,5.3,8.7,,,,,
Bambi Inga,6.8,1.6,8.5,1.7,5.2,2.8,7.2,6.2,,
Lib,2.9,8.0,4.4,1.4,8.6,3.7,7.4,7.8,4.0,5.7
Germain Gaye,9.6,8.0,4.4,2.7,,,,,,
Gaylene Felisha,9.9,3.8,8.4,2.1,4.1,,,,,
Zilvia Carissa,5.5,9.4,4.5,4.6,2.8,,,,,
Charline,9.7,5.3,,,,,,,,
Melodie Christie Shoshanna,5.1,3.0,7.8,1.4,7.2,3.5,1.2,6.3,5.8,
Ellie Chelsy,3.9,6.1,9.2,8.2,5.4,1.1,5.8,1.2,7.9,7.9
Yalonda Brinn,8.4,7.2,7.3,5.6,6.6,5.9,3.7,,,
Roxy Robinia,9.2,6.9,4.3,2.6,2.4,3.1,9.6,,,
Dorris,8.8,3.3,5.5,,,,,,,
Loutitia Zena Diahann,1.1,4.8,9.6,4.9,5.6,1.9,2.1,1.4,,
Genevra Petrina,6.4,4.0,4.7,9.4,,,,,,
Ellie Sabra,7.1,1.4,8.0,6.6,5.2,1.4,7.1,,,
Kacy,3.1,7.8,,,,,,,,
Marnie Babb,6.8,9.9,8.8,,,,,,,
Lezlie,5.7,,,,,,,,,
Abbi,2.9,2.0,8.9,8.9,,,,,,
Nalani Daffy Crin Georgiana,4.8,7.9,7.7,1.4,5.9,,,,,
Trudie Brana,5.9,6.8,7.9,4.5,5.4,6.4,9.1,,,
Audy Vyky,8.1,1.7,5.0,1.2,6.7,7.8,,,,
Kellia Berget,3.9,5.0,8.5,7.5,5.9,9.9,3.1,2.9,,
Betteanne Karel Concordia,2.5,1.7,3.2,3.4,1.6,1.3,8.7,,,
Cherri,1.3,1.1,6.3,,,,,,,
Gigi Henka Sherri,2.3,8.0,4.3,8.1,4.2,5.8,4.3,8.9,6.9,4.4
Jeanelle Sapphira,3.3,3.1,8.4,9.8,4.8,,,,,
Marie Neysa,1.9,,,,,,,,,
Nan,1.5,2.4,1.4,9.3,5.5,6.4,9.2,7.2,,
Amalia,7.8,9.7,9.4,,,,,,,
Jean,1.1,5.5,8.8,7.2,7.2,4.3,,,,
Zitella Nathalia,1.4,4.9,7.2,3.6,9.2,8.7,1.4,5.5,8.3,2.3
Didi Codie,5.7,1.7,6.4,8.3,,,,,,
Caroline,8.3,6.8,,,,,,,,
Aimee,3.8,9.2,3.2,9.4,1.5,8.0,5.0,7.9,,
Georgette Heidi Adey Antonietta Nettle,4.6,7.4,7.9,8.1,5.8,5.7,4.4,2.1,1.5,
Cornela,2.2,3.7,1.9,6.7,3.2,1.7,5.9,5.5,7.5,1.6
Marthe Peggi,3.7,3.8,2.9,2.4,6.4,,,,,
Chelsae Margi,7.0,2.7,5.5,5.9,3.6,9.9,,,,
Effie Elnora,3.1,8.6,8.6,6.4,3.6,9.1,2.1,,,
Dasha Karena,9.1,4.2,1.3,3.6,7.7,7.6,,,,
Nanni,8.3,7.6,7.9,,,,,,,
Cindelyn Bea,7.9,6.0,9.8,3.8,8.0,5.8,4.9,1.7,6.9,1.4
Meade Emylee,5.4,6.4,9.8,5.4,6.9,5.3,5.5,9.1,,
Genia Cristabel Wanids Martynne Gerrie,3.5,8.0,1.8,8.9,5.8,5.7,1.1,3.6,7.5,3.7
Alika Aleece,7.3,8.1,6.9,6.1,8.5,,,,,
Cairistiona,7.7,1.7,3.6,6.6,3.2,2.5,8.0,4.7,1.5,
Sheela Jenica,3.4,5.4,6.5,7.8,5.8,3.8,9.6,4.4,1.2,5.2
Merissa Malina,7.1,1.4,1.1,,,,,,,
Lilla Sonnnie,6.6,3.6,,,,,,,,
Simonne Lyndell,3.0,1.7,7.3,,,,,,,
Babbie,1.8,6.7,6.8,,,,,,,
Winne,2.6,8.6,3.1,3.6,1.7,1.9,5.9,8.9,5.4,
Sam Karia,7.3,2.5,8.8,3.1,,,,,,
Andriette Idalina,7.6,2.2,6.5,2.6,,,,,,
Janene Melva,8.4,7.0,,,,,,,,
Jo-Anne Eustacia,4.8,8.0,7.0,5.8,3.7,7.3,,,,
Lainey Gabriellia,1.8,6.6,2.5,1.7,2.1,,,,,
Jorrie Natka Marie Merl,2.2,,,,,,,,,
Moyra Rose,7.6,1.2,9.4,2.4,8.6,5.5,7.3,8.6,,
Lissa Alice,5.9,4.8,6.8,9.5,8.5,2.1,3.2,5.8,,
Estelle,3.6,4.5,5.4,2.3,,,,,,
Elli Dody,6.1,5.8,9.3,8.5,5.9,1.7,,,,
Letti Leland,2.3,5.1,2.8,4.1,1.8,9.5,2.5,1.8,1.3,7.5
Ashla,8.7,6.6,6.0,7.7,9.2,5.7,,,,
Nicola Orly Karoline Jeanie Bibby,1.3,6.8,,,,,,,,
Loutitia Lurline,5.4,9.6,7.3,4.4,7.8,6.2,5.2,6.8,8.5,
Mirabella,7.3,2.6,5.7,2.1,1.1,1.2,2.9,1.2,6.4,1.5
Jehanna,5.3,1.2,10.0,8.7,,,,,,
Geralda Helli,9.8,7.1,1.4,9.8,3.1,7.7,9.4,5.0,,
Gabriella Lucilia Wendie,8.0,2.6,9.1,3.4,6.2,4.7,,,,
Elonore Judi,9.4,8.8,7.9,5.7,7.2,,,,,
Reba Giulia,9.8,2.6,3.1,6.3,6.1,3.0,1.4,,,
Jami Ginni Meridith Serene,7.0,2.7,2.2,4.6,7.9,,,,,
Celia Nannette Mamie,6.7,6.1,2.4,8.6,9.0,2.3,6.5,4.5,,
Sheilah Emmalynne Tedda,3.9,5.5,8.1,3.4,8.2,,,,,
Meredithe Mindy,5.1,9.6,,,,,,,,
Tiphany Henriette Mona Claudina,3.3,3.0,8.8,2.2,8.3,1.0,3.2,1.9,3.4,5.0
Brynna Catlin,5.0,7.2,7.9,1.2,2.6,5.6,7.8,,,
Annmaria Camellia,9.1,9.6,6.9,,,,,,,
Livvie Mellisa,8.1,5.0,9.7,5.0,1.8,2.7,5.5,8.6,4.4,4.2
Harlene Myrtie,1.7,8.5,4.3,6.0,,,,,,
Blakelee Noami,9.7,8.9,7.5,1.2,,,,,,
Gabriel Anastassia,5.8,7.8,,,,,,,,
Ketty Briney,5.3,4.3,1.9,,,,,,,
Kenna,4.0,6.5,,,,,,,,
Elberta Billi,3.2,3.5,9.9,1.1,3.6,7.2,,,,
Corey Bethanne,5.0,5.6,1.2,6.0,5.5,,,,,
Agnese Martha Wendeline,9.9,1.1,2.3,2.1,7.3,8.7,8.7,9.5,1.2,9.6
Sonny,3.2,7.5,4.3,4.5,9.5,8.9,9.3,3.6,,
Ada Leena Dody Cami,4.3,6.7,1.6,1.4,,,,,,
Michelina Winnie,9.3,8.8,1.5,2.0,6.1,9.9,,,,
Veronique,1.4,4.5,7.1,5.0,,,,,,
Geraldine Legra,2.1,9.2,,,,,,,,
Romonda Julina,9.4,8.1,5.5,5.9,,,,,,
Laetitia Davita,4.3,9.8,8.7,7.6,,,,,,
Aimil,2.0,5.7,5.0,9.0,7.3,2.0,6.7,6.2,3.3,3.9
Margalit,6.1,7.9,2.0,8.5,6.1,,,,,
Adda,1.5,8.8,2.9,3.4,6.1,6.2,3.6,4.2,6.4,
Cammi,4.9,7.4,6.1,4.3,6.2,5.9,6.9,,,
Brianne Teresa,3.1,3.9,,,,,,,,
Darya Leora,4.1,,,,,,,,,
Annora Catrina,6.6,5.2,6.1,7.6,7.8,1.0,,,,
Bell,8.6,7.7,9.9,1.2,2.4,9.7,1.5,4.1,5.0,
Tracie Aubrie,6.4,6.2,7.6,4.3,7.4,8.3,,,,
Juieta Alexia,7.5,3.0,,,,,,,,
Elora Gillian,5.1,2.4,7.1,2.6,3.0,8.5,6.5,4.8,6.3,
Clair,5.8,7.0,2.8,5.9,,,,,,
Livia Violet,2.2,1.2,9.1,7.0,6.5,,,,,
Natalee Cahra Catina,2.5,7.4,8.2,6.7,,,,,,
Lindsay Bonnibelle Letta,8.5,7.5,4.9,3.3,1.3,7.5,7.4,6.6,2.8,2.5
Halette Susanne,7.4,6.5,3.3,8.5,9.6,,,,,
Mona,5.0,9.2,2.3,2.4,4.0,5.5,,,,
Yoshi Lianne Beulah,8.7,3.2,3.0,6.7,4.9,9.4,7.4,6.1,7.8,
Marris,9.9,8.8,7.0,8.7,3.8,,,,,
Ileane Emalee,2.0,,,,,,,,,
Ursulina Jess,8.4,2.7,1.1,,,,,,,
Prudi,1.1,7.9,2.6,,,,,,,
Peggi Sarena Barbi Mellie Bambie,7.7,1.5,5.5,2.3,5.9,,,,,
Brietta Robinette,9.9,9.8,1.2,5.1,4.9,1.0,2.5,,,
Gracia Xenia,9.2,3.0,7.0,1.2,4.7,4.1,4.9,,,
Marika,1.4,4.3,4.2,4.1,5.9,2.1,3.1,,,
Caterina Alayne,9.5,,,,,,,,,
Delly,3.6,1.4,3.4,3.3,8.8,2.0,,,,
Nellie Erica,8.2,,,,,,,,,
Constantia Ramona,7.8,5.8,4.7,1.1,3.4,4.4,7.3,,,
Eunice Margie,9.3,2.6,5.9,3.1,2.0,2.5,4.5,6.8,,
Laney Katusha,4.3,5.4,9.8,2.0,2.0,9.3,5.7,6.0,9.6,
Romy Clarette Drucy,9.6,7.7,1.5,4.7,4.6,6.4,,,,
Christiana,2.7,7.9,,,,,,,,
Arabela Rosanne,6.6,3.9,4.2,8.6,5.8,9.7,8.6,6.2,,
Caroline Joella,6.5,8.2,5.9,8.1,7.8,2.2,3.6,,,
Denyse,2.7,2.6,5.8,1.4,6.5,1.5,4.2,2.3,,
Loleta Katie,6.9,1.2,5.2,8.6,8.1,8.7,8.5,,,
Madlin,8.8,8.9,8.1,5.5,1.8,,,,,
Almeda Tarrah,3.4,,,,,,,,,
Juanita Belinda,6.6,4.3,8.4,1.9,1.2,3.6,,,,
Allx,4.7,2.4,9.5,4.0,3.5,3.2,4.2,8.9,9.2,3.4
Bryna,3.0,8.1,8.2,9.3,2.6,4.7,2.0,2.3,4.2,5.6
Kelly Nelle,5.7,3.1,6.5,1.5,9.8,6.2,,,,
Katerina Dianna Fredrika,6.5,3.6,3.3,8.9,7.5,9.7,7.3,6.6,,
Bette Natalina,4.1,8.8,4.0,8.6,9.4,7.6,3.6,1.1,,
Greer Eydie,5.9,2.3,9.6,3.3,8.1,8.6,2.5,7.1,,
Minda Althea,9.1,2.8,2.9,5.2,3.9,8.4,8.5,9.8,,
Valeria Koralle,7.6,3.5,3.4,6.5,7.6,9.0,7.1,2.0,8.8,
Harmonie Lucy Merilee Karisa,9.6,8.3,2.0,6.7,4.5,,,,,
Roana Krystal,7.5,3.1,7.3,7.7,2.4,1.4,6.3,4.1,9.9,
Anitra Rafa,2.8,2.8,6.9,5.2,1.9,3.4,3.6,9.3,,
Ami Natka Verna Carlee,6.8,1.6,4.4,1.5,7.3,5.4,6.0,6.9,1.8,
Melodie Dorolisa Clareta Lesley Karleen,7.1,3.7,2.7,6.3,1.4,4.4,5.1,4.2,5.6,
Carina,5.7,9.6,4.5,2.1,3.0,,,,,
Nari Myrle Flora Devinne Dee Dee,2.3,5.9,8.0,4.0,6.5,9.9,1.5,8.8,1.3,
Randie Tarah Chelsae,1.4,3.7,7.5,1.4,4.7,4.5,9.0,7.4,7.7,3.7
Dolores,2.1,7.1,9.3,4.2,3.2,7.5,,,,
Sher Korrie,1.8,6.9,5.0,,,,,,,
Ailey,9.2,2.4,,,,,,,,
Dehlia Ara,7.1,,,,,,,,,
Calli,2.0,3.3,3.9,9.2,1.8,9.2,4.4,9.5,2.4,4.2
Zaneta Vikki,3.5,9.6,2.0,7.6,,,,,,
Kassandra Aubine,3.5,3.6,3.4,6.5,2.0,8.7,8.4,3.6,8.5,6.8
Virginie Nadiya,2.1,9.4,6.1,2.6,6.1,4.9,3.2,,,
Phaidra Diann,6.1,4.1,1.7,,,,,,,
Lucy Mitzi,7.1,6.6,5.3,1.4,,,,,,
Xenia Cari,1.7,4.2,,,,,,,,
Vivian,2.1,4.0,5.1,2.6,3.7,,,,,
Julina Happy,8.5,6.0,5.8,,,,,,,
Allissa,2.7,1.0,9.3,1.6,9.4,,,,,
Reeva Joletta,8.6,3.6,8.1,8.6,3.7,8.6,5.9,2.6,8.6,
Lotta Amalle Bridgette,3.9,7.7,8.9,6.9,9.8,2.3,9.8,3.5,,
Robinette Virgie,4.6,2.9,,,,,,,,
Kip,7.3,1.4,3.3,3.4,1.7,2.0,5.2,2.2,3.8,
Sande Irina,1.7,7.6,6.4,,,,,,,
Minna,2.6,6.0,9.2,9.3,9.0,7.0,3.4,,,
Paloma Cloris,3.2,5.9,8.2,6.7,,,,,,
Lil,9.1,3.2,3.2,1.0,8.3,7.8,4.5,5.6,2.0,2.9
Marion Brittan,6.1,1.2,5.9,1.3,,,,,,
Coraline Jerrine Leela Mara Ania,1.6,1.4,6.0,1.5,4.3,,,,,
Paulette Liza,2.4,1.7,6.3,9.3,1.2,5.6,,,,
Marieann Bunni,4.6,7.6,5.3,6.1,,,,,,
Candis,8.2,3.2,5.4,5.0,3.5,5.7,2.8,3.5,4.4,7.4
Mallorie,8.3,6.3,,,,,,,,
Dusty Angie,4.8,2.1,5.5,2.6,5.3,,,,,
Gustie Grayce Aurie Shirl Collette,3.9,3.5,5.0,8.2,6.2,5.3,8.3,5.2,9.6,
Nady Beilul,3.7,6.1,2.8,6.1,1.8,2.6,5.3,,,
Katleen Heda,7.1,7.9,5.8,1.5,1.2,2.4,,,,
Amata Cari,9.0,8.9,1.7,1.0,1.0,1.8,8.9,,,
Sybille Imelda,1.1,7.7,7.1,9.1,3.5,6.4,9.3,,,
Dena Tarrah Ardene Augustine Terrye,7.7,7.8,,,,,,,,
Arleyne Agneta Maurene Myrilla,7.6,3.5,7.8,4.2,3.2,7.8,9.4,9.5,3.8,6.8
Joan Berni,2.0,6.3,7.0,7.2,3.4,4.5,1.4,,,
Henrie Ninette,5.5,4.4,5.2,3.5,7.2,2.1,2.8,4.7,4.9,9.2
Kristyn Siobhan,3.0,5.7,2.1,7.2,1.5,,,,,
Klarika,1.5,,,,,,,,,
Muriel Wynne Fenelia Danette,2.1,6.4,9.8,6.2,3.0,4.5,7.6,5.2,,
Lucienne,7.8,,,,,,,,,
Teressa Ediva Helen Gill Mab,6.2,7.2,7.5,4.3,2.0,8.9,6.0,,,
Erika Rora,3.9,6.5,3.8,9.5,2.4,6.2,8.1,5.0,,
Glen Alicea,5.6,6.0,1.0,7.7,7.4,5.4,3.0,3.5,4.2,
Josephina Hortensia,1.0,6.5,8.5,6.7,3.0,8.9,1.9,4.3,,
Sapphira Lorilee,1.9,4.9,3.4,,,,,,,
Carolina Gilli,5.1,4.9,1.9,6.7,6.4,,,,,
Korella Danette,7.7,8.3,7.5,2.9,7.0,1.0,7.7,8.3,5.3,7.4
Luella Ursa,2.9,1.7,7.2,5.9,4.1,7.6,4.0,1.6,9.5,1.0
Sherye Maegan,9.9,,,,,,,,,
Adrianna,5.9,6.6,8.2,9.2,10.0,5.7,8.0,,,
Martguerita Catlaina,5.1,3.1,8.0,9.0,8.9,2.2,1.5,3.7,3.7,4.0
Bambi Natka,5.7,2.6,9.7,8.8,1.5,,,,,
Deedee Carmel,4.0,4.6,2.2,8.2,1.8,2.0,3.2,6.3,,
Fredia Junie,5.3,5.1,1.3,4.7,6.2,9.3,,,,
Estel,1.9,5.6,4.3,3.1,5.7,4.5,9.3,,,
Deonne Ninette,2.8,3.2,6.0,2.3,7.4,1.3,,,,
Erna,1.6,1.5,7.5,7.8,5.3,8.9,9.9,4.6,8.8,3.8
Glenine Davina,5.6,9.3,4.5,7.1,8.0,9.0,5.8,,,
Karna Meridith,3.5,6.8,8.1,4.3,6.0,7.1,4.4,5.5,,
Erminie Davina,3.9,9.3,1.8,9.4,1.4,6.5,,,,
Heida Lizabeth,9.7,3.1,6.7,9.8,7.0,,,,,
Britteny,6.9,,,,,,,,,
Klara Steffie,1.8,4.9,9.0,7.8,5.7,,,,,
Carlin Petrina Milly,3.8,8.2,6.7,7.5,9.5,7.1,4.0,6.8,3.9,4.9
Sybilla Hephzibah,9.9,10.0,2.5,2.2,5.3,7.0,8.6,2.5,,
Tatum De Averyl Junie,3.6,1.1,8.5,9.9,7.2,2.2,1.2,,,
Anitra Delphine,5.3,2.5,9.1,8.4,,,,,,
Joanie Sheilah,3.4,3.3,6.1,3.3,2.0,5.7,1.3,5.8,,
Corrie Ranique,3.8,4.4,4.5,7.8,,,,,,
Gusti,4.6,7.2,5.6,10.0,1.0,4.6,9.7,9.8,1.5,
Haily Odella,6.6,3.2,4.9,4.1,1.1,1.4,1.4,2.9,4.2,3.7
Dolly Joelynn Joanna,1.2,7.9,3.4,,,,,,,
Cherin Legra,1.6,8.3,8.6,1.8,2.5,5.6,5.3,9.9,,
Karoly,3.3,6.3,9.1,3.3,4.6,2.3,3.8,9.4,8.1,1.7
Verena,3.6,5.9,,,,,,,,
Merline Meggie Annadiana Carlene,5.2,4.7,,,,,,,,
Janka,4.7,8.5,5.7,,,,,,,
Kelsi Elita,7.4,4.7,7.7,4.7,9.1,9.3,,,,
Deva Jo-Ann Nelie Franciska,7.4,1.9,1.2,,,,,,,
Lindsay,3.6,6.3,3.4,2.3,9.4,9.7,4.0,6.1,4.3,
Larissa,3.9,9.0,5.0,8.7,1.6,4.2,9.2,,,
Shea Trula,2.5,9.6,8.8,5.4,4.8,1.1,7.4,2.5,6.1,
Kizzie,2.3,9.0,7.4,9.2,4.9,5.8,3.7,3.6,4.8,3.2
Tisha Ashli Andeee Gilli Tabitha,8.1,1.6,7.0,4.8,7.3,4.4,7.2,8.6,,
Eugenie,9.7,5.9,9.7,2.8,4.9,1.7,7.8,6.3,5.3,
Cecilia Casey Lilia Shir Shirlee,8.6,6.8,7.4,8.4,8.0,,,,,
Lia Catha,8.1,7.7,9.6,9.3,3.2,9.9,2.2,,,
Hetti Brittney,3.1,,,,,,,,,
Elora,3.2,3.8,7.0,2.9,,,,,,
Mirabel,1.2,7.1,3.7,2.8,8.2,5.6,,,,
Amye Dosi Erda,6.0,,,,,,,,,
Cate Faunie,7.1,7.1,2.9,8.3,8.9,9.2,4.7,1.0,2.9,7.3
Chad,9.4,6.5,5.8,5.3,7.7,6.7,3.4,,,
Stephanie Marcie,2.6,1.1,1.1,,,,,,,
Celinka Pat,7.6,7.7,8.3,8.3,5.2,9.3,9.8,4.6,,
Hope,8.7,2.0,10.0,2.4,6.9,4.4,,,,
Candie Winnifred Van,1.6,,,,,,,,,
Harriett Anastassia Jacynth Elberta Rosanna,5.5,6.7,,,,,,,,
Angelika,6.5,6.6,,,,,,,,
Jeannette,9.5,9.4,1.3,9.0,5.8,3.9,9.0,2.9,8.3,
Kira Zelda,9.2,8.0,4.0,2.2,2.1,2.1,3.7,6.8,,
Papagena Florina,6.3,3.0,2.0,5.6,1.2,6.8,6.4,,,
Beatrisa,1.6,8.3,9.4,7.6,1.2,1.1,6.3,9.8,9.5,4.3
Heddi Almira,2.9,8.9,1.9,5.4,8.5,,,,,
Kandace,3.7,3.9,2.5,4.5,4.3,6.5,5.9,9.1,7.6,
Cordi,4.0,4.7,,,,,,,,
Marcelle,9.9,9.9,7.0,6.8,,,,,,
Ermengarde Lorilee,6.6,8.6,8.7,4.1,9.5,1.1,5.6,7.0,2.3,
Gerda Georgeta,3.6,9.0,4.1,7.3,1.0,,,,,
Rubia Daisy Dorothy,3.1,6.8,1.2,1.2,6.7,3.2,6.6,2.1,,
Gates Ellen,4.6,5.1,1.6,1.9,8.4,8.6,5.1,4.8,2.1,
Otha Fanni,7.4,3.9,4.5,6.4,2.4,7.9,,,,
Dehlia,2.6,7.7,9.5,2.7,1.1,3.0,5.9,3.1,2.3,8.3
Anya Angelia Anjela Rachele Alma,4.6,,,,,,,,,
Maiga,8.8,1.6,3.8,4.7,5.1,,,,,
Minnnie Ofilia,6.4,2.2,5.5,6.5,2.8,6.0,9.3,3.7,,
Chastity Delores,5.2,7.0,4.0,8.4,9.4,5.9,9.4,8.7,,
Suzann Bette,2.4,6.0,2.5,3.0,2.1,6.7,,,,
Catherine Jemimah,9.4,5.9,9.3,2.1,4.9,,,,,
Jazmin Stormie,6.3,5.5,2.9,6.8,1.6,,,,,
Binnie,6.2,5.7,5.2,,,,,,,
Lilly,2.9,4.0,4.9,9.1,,,,,,
Britni Zena Sidoney Peta,4.9,5.8,7.4,2.3,9.4,7.6,4.8,,,
Georgena Zena,3.7,,,,,,,,,
Jemie Roz,2.2,,,,,,,,,
Linda Miguela,1.3,,,,,,,,,
Alfy Otha,3.1,7.2,8.5,3.0,5.4,,,,,
Karole Eugenie,2.8,8.4,4.8,3.5,9.7,1.4,1.7,,,
Roana Minta,9.4,8.0,5.8,2.9,7.2,9.5,3.7,4.3,9.5,5.3
Elvina Zarla,5.3,2.6,10.0,2.3,6.4,1.3,1.3,8.2,,
Donielle Marina,6.7,4.1,5.8,3.2,2.4,,,,,
Dorrie Willyt,4.4,7.0,4.2,,,,,,,
Mercie Elga,9.8,2.6,9.3,6.9,3.3,5.6,,,,
Jobina Elora,6.3,5.9,2.1,,,,,,,
Darsey Row Livvie Peta Lelia,4.6,2.7,1.4,7.3,,,,,,
Dolorita,4.6,9.2,5.2,8.4,7.0,8.6,7.0,,,
Jessalin,6.7,6.3,5.6,,,,,,,
Garland Jennica,9.0,,,,,,,,,
Melinde Fredra Elvira,2.2,6.2,9.2,6.4,6.6,2.4,,,,
Ashlan,5.3,9.0,6.9,7.2,4.3,1.1,2.1,4.0,2.4,
Elaine Rhonda,7.2,5.0,8.0,8.6,1.6,,,,,
Jacki Cindra,3.6,4.1,1.5,7.1,,,,,,
Shaylah,1.5,8.9,6.4,6.5,2.0,,,,,
Donielle Shandee,6.1,9.2,3.2,2.2,2.2,5.0,3.8,,,
Cassaundra,4.9,4.6,2.7,,,,,,,
Minny Jasmina,8.6,10.0,7.6,4.3,6.2,,,,,
Fleur,2.9,8.0,7.0,7.2,,,,,,
Cinderella Charmane,5.3,8.0,,,,,,,,
Kariotta,4.6,6.1,5.0,2.2,2.0,8.2,7.6,6.7,,
Staci,2.7,2.3,4.4,9.2,5.7,6.6,,,,
Zia Paola,6.8,9.3,2.0,5.6,4.2,,,,,
Jasmine Fayth,6.9,9.2,2.8,6.6,,,,,,
Brigitta Willow,6.6,3.3,7.4,5.1,7.4,9.2,4.9,6.1,9.9,
Desiree,6.1,5.2,5.3,3.5,,,,,,
Tabatha Miquela Anna,3.4,6.5,8.8,,,,,,,
Maggee Rosana,8.2,4.1,8.6,2.5,9.2,3.4,6.7,5.4,5.3,
Isis Lucita Averil Kinna Laurice,6.7,2.6,,,,,,,,
Estrellita,2.4,5.8,2.1,1.5,1.2,,,,,
Ginni Melony,5.4,6.9,4.5,5.6,8.3,5.1,3.4,6.4,8.8,7.0
Sela Jobyna,3.3,8.0,8.2,2.1,8.2,8.0,,,,
Jacquie,3.4,10.0,3.0,5.9,1.2,5.3,8.0,8.9,1.8,3.1
Agna Ashia,1.5,3.4,5.3,2.8,,,,,,
Bobbie,5.7,1.3,9.2,,,,,,,
Lilly,6.6,6.9,3.9,,,,,,,
Bibbie Ivett,6.8,4.5,4.1,4.4,9.2,3.5,5.3,4.8,,
Carita Karrie,4.7,5.1,4.1,7.6,7.5,4.2,,,,
Sharai Anne-Corinne Caron Delora,4.3,1.2,1.2,2.5,5.1,7.9,4.1,,,
Eulalie Melosa,6.8,8.9,7.6,4.0,6.1,4.7,4.7,1.3,9.2,4.3
Lorrayne Veronika,7.5,,,,,,,,,
Meghann Eada,1.9,8.1,5.8,3.8,1.2,8.8,9.3,7.7,5.6,
Corabella,2.2,5.6,,,,,,,,
Florence Ricky,5.4,3.6,,,,,,,,
Briney Giselle Nelia,5.2,2.0,2.4,,,,,,,
Andriana Neille Suzanna,3.7,4.0,2.5,6.5,3.1,9.9,2.0,1.1,9.8,4.8
Beatrix Dionne,5.3,7.2,,,,,,,,
Lizzy Nanni,6.1,8.0,6.7,7.3,7.3,2.5,4.6,3.8,9.2,
Althea Lyssa,5.5,8.3,7.7,6.6,5.8,3.8,1.8,4.0,,
Stefanie,3.5,5.0,7.1,3.6,,,,,,
Carlota,2.9,7.3,1.9,8.3,5.2,4.5,7.4,7.2,9.9,7.2
Fiona,4.7,7.6,3.6,9.5,9.0,8.1,2.4,6.6,8.4,
Ashlen,2.5,2.9,7.0,6.5,4.8,1.2,4.0,4.1,3.1,8.6
Robinette Ysabel Ceil Roxanne,3.6,8.1,2.9,,,,,,,
Mozelle Pammi,2.8,2.0,1.4,7.8,9.7,1.9,7.6,7.7,6.8,
Billi,5.9,9.7,2.5,1.8,1.3,,,,,
Eloisa,10.0,5.0,7.5,3.0,4.9,,,,,
Marabel Arlee,3.1,9.1,5.6,,,,,,,
Lilith,1.4,,,,,,,,,
Orel Ariella,6.5,1.7,4.6,4.2,5.6,3.9,2.9,,,
Tildy Sidonnie Elfrida,6.5,5.0,4.2,3.3,2.7,5.8,,,,
Phillis Ninnetta,3.0,3.5,5.6,9.4,3.8,3.1,1.5,1.0,7.7,4.2
Vevay Karalee Xylia Fredericka,5.8,4.1,,,,,,,,
Rosalie Tierney,3.1,3.9,2.8,4.1,1.3,3.3,8.1,3.5,,
Denyse Lucia,8.6,9.1,5.3,7.0,4.3,9.4,,,,
Rowena Herminia,3.5,3.3,,,,,,,,
Lyndell Farah,1.4,5.5,3.5,3.3,7.1,8.2,3.9,,,
Marianne,6.2,4.0,4.2,2.9,,,,,,
Louisette Ddene,6.4,2.4,8.0,,,,,,,
Korella Gilli Gale,4.8,2.1,4.1,4.9,2.8,2.3,9.5,8.9,4.5,2.1
Ulrikaumeko Alisa Renata Flss,9.6,8.1,7.5,9.1,2.1,5.6,3.3,2.8,1.9,9.3
Florenza Angelica,9.4,4.5,6.1,,,,,,,
Karyl Winny,5.7,4.9,8.2,7.7,10.0,4.9,8.8,,,
Carma Angela,1.3,6.7,5.0,3.1,,,,,,
Leila Jacinta,9.8,1.8,1.8,6.9,8.7,1.1,8.5,4.5,9.4,3.8
Orelee Christel,2.3,3.9,6.7,4.7,,,,,,
Lura Rozalin Ainslee Maribeth Laurena,3.0,3.8,,,,,,,,
Larisa,6.1,6.5,6.7,6.4,4.9,,,,,
Dell Ofilia,3.2,5.5,6.9,4.7,1.3,3.5,5.3,5.5,4.9,3.1
Keelia Corissa Fawne,8.8,8.1,7.6,,,,,,,
Kass Filia Rozamond Jenni Arlette,3.6,10.0,5.6,5.6,5.8,8.3,7.1,6.0,2.9,
Rebeka Cheslie,9.8,4.2,1.5,6.7,4.9,6.6,,,,
Kirby,5.9,5.8,7.7,2.8,7.4,9.1,6.8,6.5,7.6,4.5
Sherie,5.3,1.7,8.0,4.1,2.8,,,,,
Elene,5.5,2.3,9.5,,,,,,,
Rae Suzanne,5.9,1.4,9.1,8.0,8.6,,,,,
Olva Blanche Lanna,4.6,1.8,2.4,5.4,,,,,,
Elyse Dona Wandie,8.1,1.4,9.5,3.1,3.6,4.1,8.2,7.3,7.2,7.3
Fionnula Clovis,5.5,2.2,7.4,2.4,7.1,3.9,,,,
Torrie Aurelea,1.3,1.9,,,,,,,,
Sandye Estrellita,6.8,3.5,9.2,2.3,3.8,,,,,
Valry,6.1,7.8,4.4,9.9,8.3,2.9,3.0,4.3,9.0,1.2
Kelsi,4.3,5.4,3.3,5.0,,,,,,
Oralie Olga,7.1,5.8,,,,,,,,
Lizabeth Phillis,6.2,2.3,3.4,,,,,,,
Carlye Mira Leela,1.6,5.5,5.5,,,,,,,
Shauna Katee,7.0,2.6,6.8,,,,,,,
Jesselyn Birgitta,5.4,1.4,9.7,8.0,6.2,3.3,5.2,,,
Eleanore Crystal,4.4,7.6,7.7,,,,,,,
Chanda Verna Georgianna Luce Antonetta,4.3,6.2,4.7,7.4,9.9,1.2,9.1,2.5,8.3,5.3
Susan,3.0,9.6,1.4,3.9,2.4,,,,,
Arlena Wilie Tamara Elke,8.9,4.0,5.7,9.7,1.4,5.6,2.4,8.4,2.2,2.0
Lissy Darrelle,7.1,9.3,8.7,5.6,2.6,1.4,1.9,8.9,4.1,
Bambie Beatriz,3.5,6.1,3.6,7.7,2.1,6.8,1.4,,,
Maddie,5.2,7.1,4.1,3.3,6.7,,,,,
Essy Allie,5.9,9.3,6.5,,,,,,,
Viki,5.9,1.6,1.6,5.5,1.2,8.3,5.2,3.8,,
Delila,4.9,8.6,2.4,1.1,9.1,3.3,7.0,5.7,8.8,4.3
Miguelita,2.6,6.8,9.9,4.5,5.9,,,,,
Keriann Fanya,6.1,9.8,3.7,,,,,,,
Sheilah Lorna Shanna Lula Leone,7.7,2.1,3.5,6.3,7.1,1.5,6.7,,,
Kelsey Pavia Nicolea,3.3,3.4,8.1,4.4,6.6,7.4,7.7,9.4,9.8,4.3
Viole,6.5,9.7,3.1,7.9,,,,,,
Starla,1.4,9.1,3.4,3.9,2.6,1.8,7.7,3.5,1.9,
Vale Nichol,8.6,5.1,,,,,,,,
Karrah Arda,1.5,3.2,6.0,2.7,4.3,6.1,6.6,4.9,1.2,
Ronica,9.2,2.8,7.9,3.3,7.7,,,,,
Mari,2.5,6.8,3.0,8.3,8.1,9.2,8.6,5.1,4.3,
Henka,7.1,3.7,8.8,,,,,,,
Myriam,6.1,6.0,9.8,4.0,7.5,,,,,
Oriana,2.5,1.3,4.1,,,,,,,
Cristy Lori Hermina,2.9,2.2,2.1,,,,,,,
Devon,5.1,,,,,,,,,
Hildagarde,5.0,,,,,,,,,
Joan,3.2,4.9,4.5,1.1,8.2,7.2,,,,
Gennifer,7.3,,,,,,,,,
Aarika,1.4,6.5,3.3,8.8,9.2,,,,,
Analise,6.4,9.2,2.0,2.6,10.0,1.3,3.1,2.3,6.9,6.1
Jobye Wilhelmina Madelene Shantee Janeta,3.3,2.2,4.1,7.6,3.3,1.9,,,,
Lotty Cheslie Rakel Christalle,9.1,8.0,,,,,,,,
Brandi Robina Row Arleen Mary,3.9,1.0,9.3,3.1,6.4,2.1,8.4,,,
Sonja Sharla,7.6,9.2,4.4,7.8,9.8,9.1,4.2,,,
Maurine Addy,8.3,1.3,2.8,7.4,1.0,,,,,
Andria Abra,1.7,,,,,,,,,
Adel Eugenie Robbi Dniren Winnah,8.8,2.4,1.8,,,,,,,
Milly Mignon,4.7,9.9,2.7,4.9,8.4,7.0,2.5,3.6,1.8,2.3
Latrina Lidia Celeste Kaia,4.1,4.3,7.7,3.9,4.4,,,,,
Danella Kathe,9.5,2.9,5.8,7.7,2.7,9.8,4.2,,,
Tish Mariele Ileana,6.8,2.3,5.7,5.2,6.0,7.1,8.4,,,
Kizzee Lorene Cacilie Adriaens Aleda,7.6,8.6,4.2,1.4,2.6,7.0,6.7,8.3,7.3,5.8
Jackelyn,6.3,8.1,,,,,,,,
Dell,1.2,9.1,7.1,5.9,5.4,1.8,7.6,2.8,4.0,8.6
Linnie Robbyn,7.7,5.9,7.5,3.6,5.5,,,,,
Ursa Jerrilee,9.6,8.0,1.6,7.0,2.2,9.1,3.9,,,
Vanya,7.4,2.1,,,,,,,,
Rosemary Carola,8.4,5.8,2.9,5.0,7.6,7.5,,,,
Meridith Bunni,9.5,9.1,8.7,9.0,7.5,8.3,1.1,2.9,2.8,3.3
Chrysa,3.0,,,,,,,,,
Raeann,5.4,7.1,2.8,9.7,9.8,4.4,2.9,9.5,,
Georgine Isabel,4.5,8.8,3.4,9.2,2.6,9.0,8.9,,,
Alejandra Petronella,3.7,,,,,,,,,
Aeriel Dorisa,3.4,5.9,3.5,5.8,,,,,,
Elicia Neda Marcelia Jorie,1.8,2.9,1.7,5.4,4.9,,,,,
Dawna,4.5,5.5,3.8,7.0,,,,,,
Mae,5.0,,,,,,,,,
Ynez Henryetta,7.5,6.5,3.6,9.7,5.3,9.5,7.6,6.4,1.4,6.7
Hadria,5.9,1.1,8.0,3.7,3.7,2.1,4.2,,,
Wynny Danice Modestia Marie-Jeanne Jackie,3.9,3.5,1.3,9.5,4.8,5.4,9.6,2.6,,
Gracie Imogen,1.5,4.5,5.2,6.9,,,,,,
Alvinia Dorice,8.0,1.5,4.1,6.5,3.8,9.5,9.2,3.0,9.8,6.6
Latrena,5.1,5.9,4.2,8.1,1.2,1.3,6.5,6.0,7.2,5.6
Adena Jocelin Frieda Aubrey,7.3,7.5,,,,,,,,
Pierrette Minny,1.9,1.9,7.1,,,,,,,
Lidia Jaquith,9.8,7.3,6.3,8.3,3.9,6.3,4.0,,,
Karmen Rorie,6.5,9.0,9.6,9.4,2.8,7.6,5.6,9.2,,
Chantalle Opaline,9.4,6.2,9.8,6.7,1.8,3.8,5.8,3.3,5.1,1.1
Cayla Bennie,7.3,3.9,2.4,3.5,1.9,,,,,
Lisetta Netty,5.8,8.9,1.9,6.1,,,,,,
Sidoney Brittan Catriona Petronille Delphine,9.4,6.2,5.0,1.5,,,,,,
Krysta Ginger Devan Germain Aryn,6.6,4.2,6.4,8.3,6.8,4.3,,,,
Silvia,1.1,5.7,2.3,,,,,,,
Bendite Gwendolin,4.2,2.7,7.7,6.8,9.7,5.2,1.8,2.5,2.7,
Billy Brenna,3.1,7.5,3.1,3.6,2.1,4.8,,,,
Doralyn Kali Pru Virgie,5.8,7.4,3.7,5.3,,,,,,
Kelila Murielle,3.4,8.6,,,,,,,,
Shanna,7.4,7.7,9.4,4.0,4.4,8.0,7.1,4.9,,
Ronnica Ynez,9.9,,,,,,,,,
Carlotta Angelia,5.1,4.2,9.8,,,,,,,
Lindi Virginia,7.5,3.3,6.2,2.5,5.4,5.9,4.3,,,
Maurizia,1.5,5.5,,,,,,,,
Gwyneth Claribel Phedra Ann-Marie,1.7,2.3,,,,,,,,
Amelina Letti Marcelia,7.1,3.9,6.0,9.2,1.9,3.8,8.9,4.1,2.2,4.0
Lory Birgitta Nerti,6.0,3.7,,,,,,,,
Eran,1.7,3.9,9.2,6.9,7.7,,,,,
Faunie Joeann Rayna Ariel,6.3,6.6,5.0,6.8,1.3,,,,,
Nelia Daryl Wenda Marylinda,8.8,3.8,4.0,8.9,,,,,,
Ilse Bel Bethany,8.0,6.6,6.8,9.1,3.5,9.5,6.7,9.5,3.1,6.7
Michaeline Ottilie Dorisa,9.2,3.8,5.3,2.4,,,,,,
Diane,9.1,,,,,,,,,
Alfreda Aubrey,8.4,8.6,1.8,1.4,8.5,9.3,,,,
Arleen Becca Antonia,4.6,9.5,2.8,2.3,6.1,6.9,9.0,9.5,7.9,
Kippy Helli Norene Elaina Helga,3.9,9.2,2.1,9.7,5.5,4.9,9.2,6.7,9.8,2.3
Elisabet Magdalena,2.2,2.2,7.9,7.0,3.5,4.1,3.2,,,
Crysta,4.6,4.9,4.3,9.7,2.4,7.6,,,,
Katherina Teresina,7.8,8.2,5.6,3.4,2.6,5.0,5.0,,,
Devi Conchita,4.2,7.4,1.8,8.3,,,,,,
Dulciana Rachelle,7.7,9.3,8.9,8.5,,,,,,
Leanora,2.7,8.7,2.4,6.6,6.8,3.6,,,,
Kathryn Ruthann,9.9,4.0,7.1,3.3,5.6,9.5,2.6,2.2,,
Guinevere,3.3,9.2,,,,,,,,
Nance,5.0,9.8,1.1,6.4,3.7,5.2,8.2,2.8,7.1,
Bonnie Karlotte Lisabeth Gratia Berget,8.6,1.6,2.8,1.7,,,,,,
Cherise,4.3,2.8,6.3,7.3,9.9,,,,,
Fawne Krissie,2.9,2.6,7.8,6.6,2.4,,,,,
Gwendolin,5.5,4.8,,,,,,,,
Corabelle Jennee Farrand Kathryn Bonny,6.9,5.9,1.7,2.0,,,,,,
Zorana,9.3,1.1,10.0,6.2,1.5,3.3,1.7,6.3,,
Babara,4.9,4.4,5.9,6.0,3.4,8.1,,,,
Aundrea Daisie,9.4,3.9,1.3,7.9,5.8,1.1,8.9,4.4,,
Harriette Chelsy,9.1,5.1,4.3,1.8,2.3,4.7,3.9,3.2,8.0,5.0
Phaedra Josy,6.3,3.1,5.2,3.3,9.6,3.2,,,,
Kristyn,5.4,8.6,6.3,8.0,,,,,,
Caty Betta,2.9,1.8,6.6,,,,,,,
Doris De,6.9,6.3,4.4,7.0,3.1,1.7,,,,
Jerrie Sadella,7.1,,,,,,,,,
Katha Papagena,9.6,6.1,2.4,3.2,8.6,,,,,
Jordan Tierney,4.2,,,,,,,,,
Esther Marillin,6.2,7.1,5.0,1.1,9.7,2.9,6.7,,,
Vernice Eachelle,3.7,8.8,9.1,8.2,,,,,,
Ethelind,6.6,7.9,4.9,2.1,8.7,6.7,,,,
Cynde Miranda Eloise,8.9,8.2,2.4,7.0,3.7,6.3,3.0,,,
Hilary,9.0,,,,,,,,,
Coraline,2.2,,,,,,,,,
Marna Inna,9.6,,,,,,,,,
Albina,6.3,5.4,6.3,1.8,2.2,4.2,2.7,,,
Nike Traci,4.4,9.4,7.8,4.8,7.3,5.7,3.5,2.3,4.9,9.4
Jesselyn Jocelyne,5.1,3.0,6.4,3.4,3.7,,,,,
Daveen Yolane,7.6,2.4,1.4,,,,,,,
Stephannie Rosalinda,5.8,8.8,5.3,2.7,1.6,6.3,,,,
Alysia Ann-Marie Agathe Anetta Clo,6.9,7.6,8.6,3.9,7.0,2.8,4.2,,,
Teri Silva Mariquilla,4.4,,,,,,,,,
Annaliese Edy Marlyn Courtenay Sella,4.1,8.6,5.3,1.3,8.6,,,,,
Ally Maurita,2.2,1.9,9.0,1.6,,,,,,
Eliza Lucila Laura Pippa Maurene,8.0,4.7,9.3,2.1,5.7,4.8,9.5,,,
Netty Josephina,5.8,7.4,,,,,,,,
Hermine Sadella,6.6,5.8,7.1,8.2,,,,,,
Jillana,5.1,5.5,,,,,,,,
Betty,6.2,,,,,,,,,
Sindee Elle Carie Rose,7.5,5.3,4.3,6.2,5.8,8.9,1.9,2.9,6.4,
Kirbie,2.4,3.1,7.5,6.7,6.5,3.4,7.6,4.6,1.2,
Cherye Ashli,9.1,8.8,,,,,,,,
Jessamine,7.2,7.7,2.5,4.0,10.0,4.7,3.5,4.9,1.4,
Kori,5.0,1.0,,,,,,,,
Vale Doralia,4.3,1.5,2.3,,,,,,,
Vickie Melina,4.7,,,,,,,,,
Arlyne Sydel,3.2,9.1,1.7,1.9,6.0,3.8,,,,
Venus Neysa,2.4,9.6,6.5,,,,,,,
Minni Emmey,3.9,3.1,4.2,5.7,,,,,,
Rebekkah Maryjo,6.3,,,,,,,,,
Catie Paolina Perl,3.6,1.3,5.0,1.6,8.7,9.2,5.5,9.1,8.3,
Ainslie,3.4,7.2,7.7,5.0,,,,,,
Sophronia,2.9,6.8,1.8,8.1,7.2,2.4,5.4,9.7,4.6,7.9
Perry Nannie Jyoti Sheilah,4.3,7.1,,,,,,,,
Ailene Celestyn,9.4,,,,,,,,,
Gilberte Gabbi,9.3,,,,,,,,,
Brianne,10.0,8.9,3.9,6.4,3.0,3.2,,,,
Winifred Isadora,4.4,9.3,2.8,4.8,5.7,8.4,8.9,,,
Rowena Tove Hedwiga Adan,9.1,4.0,6.7,9.5,7.0,2.7,6.6,1.8,1.7,2.8
Celie Becky,5.3,4.9,9.5,4.2,5.6,8.1,5.8,1.1,,
Perri,3.4,9.6,7.6,4.3,9.0,7.6,3.2,8.2,2.2,
Loria Cordi,5.7,2.2,,,,,,,,
Averyl,4.3,,,,,,,,,
Laurice,4.3,9.5,8.9,2.0,4.3,3.1,7.7,2.6,,
Marcellina Adriana,9.7,2.9,,,,,,,,
Wilhelmine,2.1,9.1,5.5,3.1,7.6,6.6,7.6,,,
Renata Mitzi,4.6,6.8,6.0,6.2,3.5,6.6,,,,
Katrine,2.2,10.0,7.8,7.2,4.7,7.6,2.7,8.5,,
Vallie Christian,1.7,5.3,,,,,,,,
Bunny,6.2,9.4,2.6,6.5,8.8,3.2,,,,
Fredelia Suzanne Maighdiln Anett,3.6,4.2,2.4,3.7,,,,,,
Missie Vanya,4.5,5.4,8.0,3.8,7.8,4.1,,,,
Stephannie Cathlene,2.8,1.2,,,,,,,,
Roxie Latrina,1.4,6.8,9.3,5.7,9.4,,,,,
Juana Ardelis,8.0,7.6,2.2,,,,,,,
Shara,6.1,3.1,3.3,4.6,1.9,6.0,8.2,5.6,5.9,
Essa Fulvia,2.0,,,,,,,,,
Thomasine,8.5,7.6,4.5,,,,,,,
Lotta Elayne Cosetta,2.2,5.8,2.0,,,,,,,
Angelita Carie,5.2,7.9,7.4,9.1,2.7,6.2,,,,
Randee Samaria,6.2,1.0,6.2,9.2,6.2,8.8,2.2,8.1,7.3,
Annissa Oliy,6.1,2.1,1.1,2.1,6.5,8.5,8.4,,,
Consuelo Mollie,3.9,4.4,9.6,,,,,,,
Cahra Rania,4.5,2.8,,,,,,,,
Dionne Krista Rozele Rayshell,1.8,6.9,2.5,3.3,7.4,1.5,9.5,2.0,,
Joanna Carleen,4.1,4.2,7.0,2.7,1.5,6.5,8.7,,,
Ilsa Jacquelynn Modestia Dido Daniella,7.2,9.3,5.1,8.2,,,,,,
Joana Allison,7.1,2.2,4.4,4.0,8.8,,,,,
Ania Jemima,8.1,3.9,9.7,4.7,,,,,,
Nissa Magdalene,5.7,9.5,2.9,1.5,5.4,3.1,9.0,,,
Karena,9.0,,,,,,,,,
Vivien Beverlie Corrina Nert,5.3,1.5,6.1,5.1,4.9,1.5,7.9,1.5,2.0,1.5
Kath Thia,1.0,7.9,4.3,,,,,,,
Fawnia,1.1,7.1,5.4,,,,,,,
Nikki,3.5,5.9,8.9,8.8,7.4,6.4,2.5,2.0,9.1,
Felisha Ruthy,8.6,5.2,5.3,2.0,2.8,8.5,,,,
Amara,10.0,2.9,7.7,8.3,3.6,3.4,7.7,8.8,5.5,5.0
Camellia Tabina,6.7,9.1,4.4,3.8,7.7,7.0,5.4,7.6,,
Shantee Jonie,5.5,,,,,,,,,
Carolyn Cammy,6.6,,,,,,,,,
Sheila Cally Latisha Ingaberg,3.5,8.3,7.7,5.2,4.4,8.4,8.0,1.6,,
Lydie,5.4,7.6,1.3,5.9,1.9,,,,,
Lolita Dolorita,9.1,6.1,,,,,,,,
Chelsie,2.3,2.9,7.2,,,,,,,
Joelie Rubina Cam Victoria,4.9,4.8,8.1,5.7,1.5,5.1,3.2,6.0,7.2,7.2
Lenka Elicia Brinna,9.9,6.9,2.5,6.4,3.3,2.0,,,,
Kora Lydia Myrle Hope,1.8,2.9,,,,,,,,
Rosa Gretel,9.0,9.1,3.9,8.4,2.6,2.9,9.5,4.6,3.4,9.9
Laureen,8.7,7.9,5.5,3.9,2.3,4.1,4.7,,,
Barbe,3.3,3.3,,,,,,,,
Asia Anastassia,1.2,7.3,9.1,5.7,5.2,1.8,6.8,5.9,8.2,3.9
Bianka,2.6,8.4,7.0,3.4,9.8,3.2,9.2,,,
Bell Esta,6.7,9.4,4.6,3.1,1.7,5.8,,,,
Germaine,2.1,1.8,2.6,8.9,,,,,,
Margarette Kanya,4.3,9.7,2.9,,,,,,,
Golda Guendolen Ilka Jordain,4.1,9.4,,,,,,,,
Agnella,2.3,3.5,4.6,2.8,6.8,7.4,5.1,7.6,4.1,
Minne Edie Abbe,1.6,1.3,6.5,5.2,5.7,,,,,
Mirilla Hannah,7.4,5.5,5.6,4.3,6.4,8.4,9.4,8.5,7.1,9.7
Stacie Costanza,3.1,8.5,9.0,7.6,3.5,,,,,
Harlene,4.6,3.7,,,,,,,,
Aleda Sylvia,4.9,5.2,7.9,6.7,2.0,3.2,,,,
Salome Loraine,4.3,1.1,4.0,,,,,,,
Hermine Maria,9.8,5.2,5.4,6.7,8.8,4.1,8.9,4.7,,
Kelsi,3.6,7.9,9.6,7.7,2.5,1.7,2.6,7.7,,
Dian Bernette Bendite Sibeal Camille,4.3,8.9,4.1,1.6,3.0,4.6,2.1,8.2,4.3,
Elfrida Fredrika Deb Sarita,9.4,5.3,3.8,4.9,,,,,,
Shela Romona Hally Shane,4.4,8.8,8.6,8.0,9.9,8.2,4.2,7.4,6.5,
Lin Aubree,4.6,,,,,,,,,
Lura Conny,4.7,2.2,1.9,1.3,8.1,8.9,2.7,,,
Leoine,2.1,7.8,9.4,3.0,6.2,8.4,9.2,9.5,,
Livvie Aurelie,6.5,9.6,6.3,3.6,3.4,7.7,1.5,1.6,1.9,
Meryl Joycelin,7.6,8.7,7.4,5.8,1.2,5.6,9.6,8.0,9.8,
Teodora,4.2,5.4,5.6,5.2,8.7,5.9,5.1,,,
Mindy Jill Arlie,8.2,7.4,,,,,,,,
Florie Carlotta Lexy Sara-Ann Alleen,7.1,9.8,7.0,8.0,3.4,4.7,9.3,1.1,5.4,
Loralee Nelie Carleen,8.9,5.5,5.8,,,,,,,
Tova Lenee,4.2,9.6,4.7,8.7,6.9,7.3,9.6,4.9,7.3,4.2
Inge Doralia,3.2,,,,,,,,,
Samantha Marta,6.1,2.5,8.9,7.2,5.9,5.1,,,,
Claudie,2.9,3.7,,,,,,,,
Arleyne,7.2,5.0,1.6,6.3,4.0,3.6,2.7,,,
Lyn Carlotta,3.0,3.9,6.3,8.8,,,,,,
Nanon Shawn,6.3,8.6,2.6,,,,,,,
Vivien Pansy,3.4,2.2,2.3,4.2,6.1,9.2,2.8,4.1,,
Marge Olimpia Georgiana Averil Courtney,7.1,,,,,,,,,
Susanne Dixie,8.7,,,,,,,,,
Edi Deva,2.5,1.5,,,,,,,,
Antonietta Abigale,3.3,,,,,,,,,
Constancy Korella,7.4,,,,,,,,,
Farica Coriss,4.9,8.4,8.4,5.0,5.3,8.3,3.4,1.8,,
Stella Modesty,5.7,5.5,1.7,3.4,6.8,1.4,4.9,7.2,8.7,2.9
Eudora Xaviera,6.6,2.5,9.6,9.1,9.3,10.0,2.5,,,
Coraline,5.0,7.8,6.4,,,,,,,
Gabi Junie Perrine Philomena Ann-Marie,5.1,6.7,3.4,,,,,,,
Doe Allsun,5.6,5.8,,,,,,,,
Brandy Libby,6.9,2.1,8.9,,,,,,,
Evie Quinta,2.2,8.7,,,,,,,,
Frances,4.0,9.1,4.0,9.1,9.7,,,,,
Carissa Stella,7.1,6.4,5.0,5.3,3.8,2.7,9.0,4.7,,
Amanda Aloise Tani Auroora Gusti,7.0,2.0,,,,,,,,
Ramonda Joell,9.2,,,,,,,,,
Lorelle,6.9,5.6,,,,,,,,
Rochelle,8.6,5.7,9.1,9.7,2.7,9.5,9.7,4.7,8.2,
Dorene Doralia,2.5,1.5,5.5,1.2,,,,,,
Glenna Teodora,5.0,2.5,9.7,,,,,,,
Fredrika,3.6,6.1,1.3,3.8,5.2,2.6,,,,
Mariam,7.3,6.6,6.3,,,,,,,
Zuzana Koral,4.5,9.5,9.5,3.9,3.8,9.9,2.4,9.6,9.6,8.9
Feliza,5.3,2.5,1.6,6.1,8.5,3.5,2.4,9.8,9.0,
Elsbeth Aloysia Vi,8.5,3.0,4.4,7.4,9.5,2.2,,,,
Kirbie,9.0,3.3,2.1,5.6,4.9,3.3,8.0,7.0,8.5,9.1
Vivianne Ellynn,5.5,3.0,4.9,6.1,7.0,9.6,5.5,1.8,2.2,4.0
Inez Mellisent,5.3,5.4,6.4,1.8,9.4,6.1,3.5,1.1,5.6,
Shirl,8.5,1.5,7.4,5.3,2.5,9.9,,,,
Iseabal Caresse Walliw Sonni Karlie,9.9,8.3,6.3,,,,,,,
Frieda Selina,4.4,6.0,,,,,,,,
Cherie Dion Jeanette,5.9,8.4,9.2,,,,,,,
Joella Fanya Lyndsey,2.6,9.1,6.9,4.5,,,,,,
Malena Darda,5.3,5.9,7.3,3.4,2.9,3.2,4.0,3.1,3.4,
Ailyn Dani,5.5,2.8,6.8,3.0,,,,,,
Kathryn Rebeca Jobina,5.8,,,,,,,,,
Irma,3.3,,,,,,,,,
Elle,5.3,8.2,6.0,7.9,2.5,1.3,,,,
Anastasia Anneliese,5.6,2.6,4.7,3.6,7.3,6.0,,,,
Marketa,4.1,,,,,,,,,
Lonni,4.6,9.6,,,,,,,,
Raphaela Jillayne,2.8,,,,,,,,,
Thomasin Meris,1.7,,,,,,,,,
Muriel,9.3,6.0,5.7,3.4,6.0,3.8,8.2,4.9,7.3,8.2
Alis Chelsae,5.6,5.5,,,,,,,,
Gerta Matelda,8.2,6.2,10.0,,,,,,,
Annetta Lynea,8.4,7.7,4.2,7.8,8.2,9.0,,,,
Constanta Hedda,2.5,5.4,4.3,3.6,9.0,2.4,3.9,6.9,2.9,8.7
Mellisa,9.3,3.0,,,,,,,,
Yoko,5.8,3.1,7.8,2.8,,,,,,
Lethia Dredi Anthe Zorana Davida,8.7,9.7,6.1,6.5,3.8,,,,,
Wenda Candy Blanch,7.7,1.6,7.4,5.0,9.7,4.2,,,,
Marna Casandra,4.7,6.9,4.9,4.3,2.7,7.2,,,,
Pru Clareta,9.7,,,,,,,,,
Madlen Enrica,8.8,1.3,3.7,9.1,5.2,5.8,8.6,4.1,8.3,
Hannis Krista,5.7,6.5,9.7,5.8,6.2,,,,,
Sianna Germana Krissy Lorry,4.7,8.0,3.7,1.2,,,,,,
Mattie,6.9,4.9,7.0,1.8,7.9,5.8,1.8,3.8,7.3,1.8
Jacinta Kori,2.6,5.1,2.9,2.0,9.7,,,,,
Retha Jackie,4.9,6.2,8.1,,,,,,,
Lexis Mallorie,4.5,8.5,,,,,,,,
Pandora Lou,10.0,,,,,,,,,
Fey Tisha,9.3,9.8,7.5,8.0,,,,,,
Ashla Anetta Sherri,8.6,2.5,4.8,6.8,8.9,2.7,2.0,7.8,,
Rhona Rikki Monah,5.9,3.1,3.6,,,,,,,
Lenore,8.4,4.8,4.0,4.1,1.2,,,,,
Carin,2.1,9.2,7.3,7.5,7.2,6.8,,,,
Theodora Cristabel,4.6,,,,,,,,,
Chere Suki,2.5,3.8,1.5,8.8,5.9,8.9,2.5,,,
Sheri Ardyth,9.7,10.0,1.5,7.4,,,,,,
Flss De,7.1,6.3,5.3,1.6,7.4,1.7,6.7,8.6,,
Valencia Nichol,5.3,,,,,,,,,
Hildegarde Petronella,1.9,6.6,3.2,6.7,5.6,1.8,,,,
Constantina Tallou,8.2,4.5,9.3,9.7,3.3,3.6,1.9,4.5,6.2,
Sharon Suzanna Garland Sharleen Kalinda,5.8,5.4,9.0,9.3,1.5,,,,,
Mandi Ertha,6.3,2.3,,,,,,,,
Rodina Gusti,8.8,4.7,6.2,2.3,4.5,,,,,
Allyn,2.3,4.5,3.2,9.1,5.3,1.6,,,,
Inge Bell,1.8,2.1,5.3,4.5,1.0,,,,,
Nonah Karine,2.4,1.2,,,,,,,,
Nixie Manon,6.1,9.8,5.9,8.4,9.1,4.0,4.1,3.6,,
Janela Gail Dolli,2.9,2.0,4.9,,,,,,,
Annnora Jazmin,1.0,8.1,6.4,6.9,6.8,9.4,5.7,,,
Ardine Margalit,7.5,9.8,8.9,3.9,8.6,7.8,1.2,6.3,,
Kippy,1.9,4.2,4.9,2.2,1.4,8.0,4.9,5.7,2.3,
Leta,6.6,5.6,7.9,5.7,6.7,,,,,
Devinne,3.2,6.3,6.5,9.7,9.4,9.9,2.5,1.3,,
Oliy Merline,4.5,,,,,,,,,
Starlin,9.4,6.4,6.9,5.4,,,,,,
Clovis Nickie Germain Hilde Ola,2.8,,,,,,,,,
Caryn Kimberlee,5.3,8.0,5.5,7.7,3.0,4.4,7.0,,,
Marlene Kameko Rivalee Imogen Chrystal,2.3,7.3,6.5,2.6,4.0,3.6,1.2,,,
Guenna Rina,9.2,5.9,5.6,9.4,7.2,7.5,2.0,,,
Petronille Alis,3.2,7.2,2.1,2.1,2.8,2.2,3.6,1.1,,
Nanni Mandie,5.1,,,,,,,,,
Carmina,1.7,4.9,,,,,,,,
Tabby Cristina,2.2,3.3,4.2,,,,,,,
Isidora Elspeth,5.8,9.5,6.9,5.7,3.0,5.3,3.0,5.7,3.5,7.9
Sophronia Noella,4.3,3.9,8.5,5.9,3.8,7.2,9.3,1.2,6.2,9.7
Minetta Tildy Ilyse,1.6,2.4,2.5,8.3,1.0,9.2,7.9,,,
Kirbie,1.1,2.3,2.6,4.6,5.3,4.4,7.1,4.6,,
Malissia,8.0,5.8,3.8,9.7,2.1,7.6,4.4,5.9,5.5,
Kippy Maggie,7.5,2.6,2.3,1.8,2.2,8.6,,,,
Jacquenetta Tamarra Melitta Minnaminnie Corey,8.8,3.8,1.3,2.7,8.8,6.1,8.8,3.6,4.6,
Philippa Jelene,4.0,8.8,1.4,4.9,3.0,6.7,3.3,3.1,,
Deena Libbi Kellsie,1.5,3.9,6.5,4.1,5.3,9.9,,,,
Daniella Ibbie,1.7,7.1,5.0,9.6,9.4,9.9,7.0,,,
Kizzee Freddi,4.5,6.8,4.2,2.5,4.5,7.8,8.6,3.2,,
Minerva Elonore Rivi,5.1,4.4,6.5,5.7,1.2,7.2,7.3,9.5,,
Melina,5.5,8.0,3.5,9.6,7.2,,,,,
Lynnett,3.3,9.3,5.2,1.6,1.5,8.9,5.4,2.1,,
Josepha,3.6,5.8,8.8,3.4,4.5,4.6,3.8,7.4,,
Ivory Gussi,8.0,,,,,,,,,
Sabrina,5.2,8.5,9.2,9.0,6.5,9.3,2.2,,,
Halley,3.9,2.1,7.9,7.3,7.9,2.6,6.2,6.3,1.5,
Dominique Kittie,1.5,1.5,2.5,9.9,,,,,,
Analiese,3.2,8.1,2.0,6.5,2.5,,,,,
Shoshanna Joan Merrily Kessia,9.3,7.3,2.8,5.3,5.7,9.7,5.5,,,
Saba,7.9,1.2,1.0,8.9,1.2,5.6,6.6,,,
Emmalynn Babette,3.3,9.3,3.3,7.4,1.3,4.4,1.5,3.0,3.7,
Lani,5.2,9.8,4.5,7.7,4.0,3.5,4.6,7.1,4.3,
Elane,7.0,8.0,7.5,3.9,9.5,4.1,3.8,3.9,9.1,8.6
Dulcia Catrina,4.9,,,,,,,,,
Stafani Gabriell,6.3,9.9,2.3,8.3,3.5,3.9,3.8,,,
Renelle Brear,3.9,7.5,5.7,,,,,,,
Alanah Tomasina,1.7,5.6,1.8,3.8,10.0,4.1,9.2,8.2,5.1,3.3
Nelia Sheilah Shane Fiona,3.0,8.4,2.6,3.1,6.0,,,,,
Stephani Filide,2.5,4.8,9.3,6.2,5.5,6.8,9.8,7.2,6.4,
Cherida,4.0,2.1,1.3,,,,,,,
Amata Sisile Eleanora Leoine,5.8,7.0,4.4,5.1,6.7,3.0,8.8,1.6,2.7,
Mil,4.0,4.4,8.3,8.7,8.5,1.6,,,,
Freddy,7.3,9.5,9.7,3.9,9.9,8.0,7.6,,,
Adriaens Catina Sib Ted Deny,7.4,4.1,7.1,8.1,2.8,,,,,
Marinna,5.3,3.8,7.7,5.4,9.4,2.3,5.0,1.4,,
Lynnelle Theresina,4.9,9.2,2.3,4.9,2.7,10.0,5.2,8.8,8.6,9.7
Leoine,1.6,7.7,1.4,5.2,6.0,6.8,9.1,6.4,,
Estrellita Austina,2.6,1.4,8.5,8.6,1.7,3.0,,,,
Enrika Claudie,7.1,3.2,,,,,,,,
Meara Dore,9.8,,,,,,,,,
Henryetta Stefanie,3.5,8.7,2.8,4.6,1.0,3.0,6.5,4.8,,
Erminie Elenore,2.8,3.0,,,,,,,,
Editha Jan,1.5,9.1,8.9,7.1,5.0,8.7,3.8,9.9,9.1,4.2
Cassandre Shel,5.2,1.2,1.6,5.4,,,,,,
Linette,5.6,6.8,4.0,5.3,2.0,9.8,1.1,6.6,6.0,9.5
Cacilia Johnath,2.1,9.4,5.7,5.1,2.1,1.5,,,,
Kelci Fredia,9.1,7.7,7.4,9.5,5.4,3.5,9.9,5.7,3.0,7.9
Dyan Wilona Charline,6.1,3.4,,,,,,,,
Kaja Roda Gabbi Alta,1.5,,,,,,,,,
Blisse Kasey,9.4,7.8,4.9,1.4,5.8,9.9,4.3,,,
Sherie,8.5,2.0,6.0,5.0,8.5,,,,,
Nikoletta Roseline Alexine Minette Eleanore,6.5,7.3,7.9,9.7,9.6,8.3,8.0,3.4,8.5,
Celka Katrina,5.9,4.1,9.5,5.9,1.1,,,,,
Lanie Cassey Roxanne Rey,6.9,1.7,2.3,2.6,6.2,7.8,6.8,6.5,,
Lyndsay Aubrey,5.2,,,,,,,,,
Peggie Cory,4.1,9.5,9.7,5.9,7.6,2.0,,,,
Bobbi Aubrette,9.0,,,,,,,,,
Sydelle Rikki Morganne Donni Bennie,7.7,6.6,,,,,,,,
Holly Linell Gavra Reggi,2.9,1.2,8.9,7.8,8.6,9.0,1.5,3.9,,
Malinda Leonora,2.3,9.2,9.7,1.0,2.8,6.6,3.3,3.2,,
Lida Tobe Christi,9.2,4.3,2.8,3.7,2.0,9.4,5.3,8.4,6.5,
Kamilah Lebbie Susanetta Jeanelle,2.9,8.1,3.0,2.4,4.3,5.4,6.6,,,
Jania Jade,8.9,9.6,4.9,6.1,4.7,6.7,1.1,10.0,,
Josey Terry,5.0,1.7,5.5,1.3,7.5,2.0,,,,
Chrysa,6.9,9.6,8.3,3.2,,,,,,
Camala Cordelie,2.8,1.9,10.0,6.3,3.3,5.5,8.9,5.5,,
Jeanie Denice,5.9,1.6,6.8,9.2,1.0,,,,,
Esme Elyse,2.1,6.4,1.9,7.2,9.8,,,,,
Liza Calypso,4.4,9.5,3.3,9.0,4.5,,,,,
Evita Doris,8.5,7.9,6.7,,,,,,,
Leone Lisette,4.1,1.2,,,,,,,,
Carrie Maureen,1.1,9.8,2.2,4.8,3.5,7.9,9.0,4.6,,
Marjory Meridith,8.5,4.0,6.9,4.7,4.7,,,,,
Sula Dalila Charissa Rosabel,5.3,4.0,9.0,9.7,9.5,7.8,,,,
Constantina Kathi,2.9,7.1,1.4,2.3,2.2,3.4,1.8,5.1,2.0,
Pepi Angele Marielle Edita Vere,8.8,3.7,5.5,5.5,2.0,3.3,5.6,8.3,5.4,9.3
Dorthy,7.5,2.2,9.6,8.8,9.8,3.4,2.5,2.3,4.2,
Jasmin Zsa Zsa Doroteya Leoine Penelopa,1.2,1.7,4.5,8.6,4.1,9.5,4.6,1.4,,
Annetta Melva,6.6,3.6,2.5,2.4,,,,,,
Etta Chiarra,4.0,5.1,6.8,5.2,1.9,6.4,6.4,8.8,2.8,
Ira Anabel Nisse Judi,5.8,9.3,4.4,8.0,5.3,,,,,
Ofelia Nancey Leonora Janetta,7.8,4.0,7.1,1.8,1.8,7.5,5.0,,,
Malena Merilyn,10.0,,,,,,,,,
Florry,5.5,2.2,9.7,8.9,2.1,7.0,6.7,7.6,2.8,
Mellisa Gertrude,8.0,4.4,5.3,6.8,2.9,3.6,1.7,6.4,5.8,
Idalia Elissa,6.6,5.9,4.2,,,,,,,
Esther Agna Quintana Adelind Cassaundra,9.0,7.9,1.2,2.1,7.2,,,,,
Darcie Alecia Ariella Whitney Tressa,5.7,6.1,4.2,5.2,6.5,5.7,2.1,,,
Natalina Rosamund,1.7,6.6,5.2,9.8,2.7,7.6,8.8,8.9,,
Melissa Flora,9.4,5.0,10.0,7.8,6.5,3.8,9.4,,,
Jacenta,5.0,6.5,9.6,7.4,1.9,7.0,7.8,3.1,3.4,3.5
Leigh Charissa Elianore Pammi Ianthe,4.0,9.2,3.8,4.7,7.5,3.0,2.1,6.7,,
Ceciley Arly,1.6,9.9,8.2,4.5,4.8,1.1,,,,
Faina,6.1,6.1,2.0,,,,,,,
Ynez,7.0,1.5,1.8,3.8,,,,,,
Georgia Dorisa,2.0,,,,,,,,,
Dorolice Willa,1.1,6.9,8.0,7.6,5.2,7.6,4.3,1.9,5.3,4.1
Maurita,4.1,2.0,,,,,,,,
Wilone Muire Clarette Willyt,6.1,8.5,4.8,,,,,,,
Krystal Lissa,8.8,2.5,8.7,3.5,5.0,6.7,7.4,8.9,,
Analise,4.8,4.1,4.9,,,,,,,
Jilleen Marje,9.0,2.6,4.3,9.9,3.4,8.1,1.0,,,
Anna-Diana,4.2,,,,,,,,,
Chrissie Magda,9.4,5.0,5.0,2.9,5.7,2.2,5.5,3.0,,
Rebecka Gloriane,3.0,2.3,6.8,2.8,5.3,,,,,
Muire Lily,1.1,2.3,6.8,3.8,,,,,,
Thelma Fionna,8.9,7.3,2.5,,,,,,,
Lauren,3.5,2.0,5.2,9.1,9.6,9.4,,,,
Avril Doreen,8.7,6.4,4.8,,,,,,,
Ree,9.7,6.9,5.7,7.9,4.1,8.0,8.9,4.4,,
Sindee Sheela,4.7,1.7,2.7,2.2,4.1,8.5,,,,
Bettye Nadiya,6.9,8.1,6.3,6.3,4.6,2.9,7.8,6.2,2.0,
Hortense Marna Glenn Calla,9.0,3.7,5.2,8.7,1.8,2.5,5.1,1.6,6.6,
Nell Sidoney,7.3,1.4,1.2,2.5,7.3,6.1,8.1,10.0,1.4,
Harriet,4.6,,,,,,,,,
Fina Savina,6.4,6.5,,,,,,,,
Glynda Murielle,9.4,,,,,,,,,
Alfi,2.8,3.2,9.1,2.3,4.0,7.4,8.2,5.1,7.5,4.7
Aliza Maddy,9.7,3.2,2.1,,,,,,,
Meredithe,1.8,5.9,4.0,3.3,3.8,2.0,,,,
Corella Libbi,9.2,5.8,6.1,,,,,,,
Cindie Brittney,4.0,8.8,,,,,,,,
Beatrisa Ingeberg,4.9,2.1,4.0,7.3,9.0,2.2,3.0,,,
Sam Morgana,8.0,8.5,1.2,3.7,9.9,9.6,3.3,8.8,,
Shanda Joella Carlen Elisabet,5.5,3.0,3.6,7.4,2.9,5.4,4.8,,,
Muire,7.2,6.7,3.9,4.2,4.9,9.6,2.9,7.5,4.1,8.9
Marjy Rhoda Crin,2.3,6.4,9.5,7.0,6.2,4.1,8.2,3.6,5.2,
Randi,4.3,1.9,2.1,7.8,,,,,,
Bethanne,6.9,9.0,7.3,3.6,2.3,,,,,
Dede Kalila,6.8,6.0,2.4,5.3,2.2,4.5,8.0,2.3,6.1,8.2
Kissee Cassy,8.2,2.7,5.3,9.2,7.5,,,,,
Chandal Midge Natividad Shandy,6.7,3.8,1.7,,,,,,,
Oralla Robinia,1.9,,,,,,,,,
Drucill Doll,5.9,7.1,8.9,9.3,8.9,6.7,,,,
Leora,1.1,,,,,,,,,
Daisy Jemimah,5.1,9.3,3.0,,,,,,,
Terese Vina Penelopa,3.0,1.1,7.8,5.4,9.8,,,,,
Alyson Terza,3.3,9.6,6.8,3.8,3.1,,,,,
Melodee Ezmeralda Gabrila,1.8,2.6,3.2,,,,,,,
Freda,1.0,3.5,,,,,,,,
Griselda Nananne Loreen,3.8,5.5,2.0,7.7,1.8,6.6,9.5,4.8,9.3,
Pandora Arly Alisha,6.2,,,,,,,,,
Yoshi Drucill,9.1,7.5,,,,,,,,
Caroljean,5.5,7.8,3.9,2.5,9.7,,,,,
Natalee Jordan,8.0,3.6,6.4,8.7,,,,,,
Brietta Briny Cordelie,5.5,4.1,1.0,1.4,8.7,5.8,9.0,3.2,3.5,3.6
Yetta Honoria,4.8,5.8,9.0,8.1,6.2,,,,,
Idaline Alayne,9.5,8.3,5.7,,,,,,,
Deni,3.6,2.5,5.4,,,,,,,
Dulce Kata,7.7,6.6,,,,,,,,
Neely Marty,3.7,8.4,5.1,9.0,2.3,7.7,3.6,,,
Elspeth Dorothee,9.9,3.4,1.1,2.1,8.7,7.1,8.5,2.1,,
Renie Kathrine,4.1,,,,,,,,,
Rosamond Sue,1.9,7.3,6.5,5.8,8.8,2.9,,,,
Guenna,7.2,7.6,8.3,9.9,9.0,9.9,8.6,,,
Lavinia Ilyse,6.1,7.1,4.6,7.7,,,,,,
Cordie Pier Rosina Donielle Lorrin,1.8,9.2,1.1,1.1,4.9,1.4,,,,
Lorette,6.6,2.6,9.2,4.1,4.1,8.0,3.0,,,
Matilde Meryl,3.2,8.2,7.8,5.2,1.3,7.7,8.9,5.6,9.9,
Noella Wenona,5.4,5.4,4.0,1.4,6.3,3.2,8.3,2.0,,
Shirley Vivien Fredia Kimberlyn Constancia,1.7,3.7,4.3,6.2,7.1,,,,,
Prudi,6.2,2.9,6.1,,,,,,,
Hilliary Ramona Shell Chrysa,4.7,4.6,,,,,,,,
Marcia,4.3,4.2,5.2,1.7,6.4,2.9,4.6,8.8,3.8,
Marne,7.3,7.9,9.9,4.4,,,,,,
Faydra,4.8,3.8,2.6,7.2,7.0,,,,,
Ricki,9.8,6.6,5.9,6.1,,,,,,
Bobbi Merlina,1.3,8.3,6.3,8.5,4.6,3.5,2.8,9.1,3.2,9.4
Allyn Paulita,1.4,9.2,8.5,8.7,8.9,4.9,,,,
Cassi,5.0,2.5,8.9,5.2,5.6,7.0,7.0,,,
Cyb Gisela,9.4,,,,,,,,,
Sean Brittney Alana,6.9,8.1,4.8,6.5,5.3,4.3,,,,
Charyl Fredia,8.8,3.7,3.9,2.3,4.4,1.9,,,,
Helga,8.1,1.2,8.2,8.6,6.2,,,,,
Aubrey,9.6,9.5,9.9,2.8,4.3,3.5,,,,
Nat Phaidra Eugenie Clarinda Faustine,8.8,6.7,2.0,7.7,6.8,9.2,6.7,6.7,,
Alisha,5.7,3.3,6.8,7.5,8.9,3.2,,,,
Terra Orsola,6.8,9.8,8.0,2.7,8.3,4.9,9.7,,,
Saloma Leona,4.1,3.0,4.6,2.8,,,,,,
Ursula Edwina Mable,6.5,8.0,2.9,,,,,,,
Thomasa Kelcie,9.3,1.7,1.5,9.7,,,,,,
Andrei Kippie,6.4,8.6,,,,,,,,
Jeniece Saba Aurore Pat Jenelle,5.6,6.8,3.2,5.1,7.3,,,,,
Lucila Adoree,4.7,3.4,2.0,9.0,,,,,,
Kara-Lynn Ethelyn,4.2,7.9,1.6,,,,,,,
Pierrette,9.1,9.9,,,,,,,,
Dianemarie Kirby,1.4,3.8,2.0,5.5,3.0,,,,,
Lizbeth Dyanna,3.6,5.6,4.1,7.7,4.9,8.4,3.8,,,
Madalena Sari,8.2,6.1,4.9,1.0,8.5,4.4,1.7,3.2,,
Cleopatra,1.2,7.2,3.4,2.7,6.4,8.9,5.5,2.8,3.8,8.1
Winifred Charisse,3.7,7.6,3.1,2.2,2.0,8.4,5.0,2.8,,
Viki Missie,6.5,4.5,1.7,6.0,9.6,5.6,,,,
Fanchon,1.9,9.3,8.2,8.8,7.2,2.5,,,,
Corine Candi,1.7,4.3,5.7,9.2,1.3,1.5,7.3,3.6,7.4,7.3
Charmane Martita,9.1,3.1,1.9,1.1,2.9,7.7,,,,
Joelie Haleigh,1.2,9.4,2.2,1.0,4.1,3.2,3.3,4.1,,
Marje Karen,5.0,7.0,3.5,5.8,9.9,2.2,1.1,5.6,,
Eunice Stoddard,2.3,6.1,7.2,4.2,5.8,3.9,6.2,6.8,3.5,5.0
Annadiane,9.0,9.7,5.6,9.6,5.8,,,,,
Lynnell Quinn Tamarra Reine Cathlene,6.8,3.9,1.8,8.9,5.6,4.6,3.4,,,
Betty Codi,8.4,,,,,,,,,
Diane,7.1,7.5,9.8,3.2,6.8,5.3,,,,
Heather Deb,4.4,1.1,4.6,5.7,6.8,,,,,
Karena Regina,2.8,4.5,4.2,8.3,5.9,7.3,3.3,,,
Lauren Dusty,4.8,8.9,6.4,2.0,7.7,7.0,7.3,3.0,,
Cammie Griselda,2.3,9.9,8.2,1.3,5.5,6.5,4.8,,,
Mari,8.1,4.1,5.4,,,,,,,
Friederike Maribel,4.8,9.5,2.2,3.4,8.1,7.5,4.3,,,
Averyl Margaret Teriann Leanora,9.1,2.7,3.1,9.9,9.6,,,,,
Lorenza Cheryl Appolonia Elisa,9.5,4.2,4.1,6.6,2.4,6.0,7.7,2.0,,
Ros Carolyn,6.6,2.8,2.9,8.7,7.9,9.2,4.1,9.1,1.3,
Adela,9.6,9.9,6.1,8.6,7.3,6.0,1.4,2.3,,
Elvira Camella,8.6,5.8,1.1,5.5,9.0,7.4,8.7,1.8,5.2,
Evangeline Miguelita Sioux Renae,3.1,8.3,2.9,4.3,6.3,7.0,,,,
Sandi,6.7,5.4,,,,,,,,
Ardisj Renae Kirsten Lesya Olimpia,7.5,8.7,5.2,9.1,6.6,,,,,
Evangelina Janaya,8.0,9.7,6.3,5.5,,,,,,
Ricki Selle,1.1,9.4,7.2,7.6,1.5,8.4,9.2,5.8,,
Tandy Vivianne Mireille Arly Dari,3.3,8.6,8.8,9.6,2.5,7.1,7.1,,,
Tony Silvia,7.0,7.1,4.0,9.1,2.5,,,,,
Alicea Siobhan,9.0,8.3,1.1,1.8,6.6,7.1,1.1,5.5,8.6,9.1
Rochelle Suzanne,2.0,,,,,,,,,
Jackqueline Misty Sabra Alma Sallie,6.6,1.0,4.9,,,,,,,
Gisella,2.2,8.2,9.2,6.4,3.9,5.0,,,,
Edee,9.8,9.5,7.0,7.5,,,,,,
Elene,9.1,6.8,5.4,2.3,7.2,7.2,,,,
Lyndsey Minta Kirsten,2.4,,,,,,,,,
Ranna,8.2,9.5,10.0,2.9,,,,,,
Ava,8.1,7.2,7.9,3.5,5.4,6.7,3.8,7.4,,
Arlyne Dore Clementine Klarika Mirna,6.9,3.0,8.2,4.4,3.1,8.8,,,,
Quinta,7.6,5.8,5.8,3.8,5.6,4.8,5.0,8.4,8.2,1.9
Rheba,5.9,3.0,6.9,9.0,,,,,,
Annamaria Dionis,4.1,2.5,,,,,,,,
Andra Felicdad,7.9,,,,,,,,,
Dora Renell,9.0,6.4,2.0,1.8,,,,,,
Linnea Angelique,9.1,4.1,5.9,6.9,,,,,,
Tedra Chastity,7.8,9.6,9.6,8.1,1.1,9.3,,,,
Corabelle,4.8,1.9,,,,,,,,
Betta,4.0,1.8,6.0,,,,,,,
Geneva,4.2,3.7,7.1,3.2,2.3,7.7,2.2,,,
Doloritas Brynna Clementia Jerry Gertie,9.1,2.6,7.4,7.7,5.1,7.4,4.6,5.8,,
Jaquelin,6.4,1.7,5.2,4.3,8.1,,,,,
Bobby Valina Tony,6.4,1.7,3.0,6.9,1.1,3.9,8.0,3.5,9.3,
Andree Carla,4.7,4.9,1.1,9.6,6.2,7.5,7.9,6.0,8.8,
Edyth Lyn,4.7,9.6,7.4,9.0,3.1,,,,,
Lela,2.9,4.5,9.7,4.6,7.7,3.1,6.2,,,
Cassandre,8.1,10.0,7.0,7.2,,,,,,
Twila Ellynn,7.7,2.7,4.6,9.1,4.3,2.3,,,,
Donica Valery,4.0,3.5,6.3,1.5,9.5,1.8,,,,
Jobye Crysta,9.0,1.7,7.2,7.0,,,,,,
Yolanthe Kylynn Oriana Robbyn Marketa,1.3,1.9,9.8,2.8,9.7,2.9,5.9,,,
Micki Agata,7.5,7.4,4.5,8.7,,,,,,
Aurore Magdaia,9.4,9.0,8.3,3.6,5.2,6.4,4.3,7.5,6.0,4.3
Goldia Loleta,8.2,,,,,,,,,
Eliza,8.3,9.1,5.4,4.2,7.7,7.9,6.4,1.2,,
Nathalia,2.1,9.9,7.0,8.1,5.6,5.1,6.7,,,
Myrtle Camella,7.6,7.2,3.5,6.2,,,,,,
Sibelle Merci Georgine,4.7,7.8,1.4,8.7,,,,,,
Daveen,2.4,3.7,9.3,4.8,4.3,4.3,6.1,2.1,6.3,8.9
Marietta Bettye,2.3,9.8,5.8,2.2,1.7,2.8,,,,
Ginnie,1.9,4.8,1.1,7.5,3.7,3.2,6.7,1.3,,
Merralee,6.7,3.7,1.8,4.4,6.5,,,,,
Marget,8.6,9.5,3.9,3.2,4.8,,,,,
Gussi Elfie Niki Benedetta,8.5,7.6,5.6,,,,,,,
